Normalized inlet BC metric,Shape 1,Normalized inlet BC metric,Shape 2,Normalized inlet BC metric,Shape 3,Normalized inlet BC metric,Shape 4,Normalized inlet BC metric,Shape 5
0,0,0,0,0,0.1,0,0.017857143,0,0.053571429
0.202020202,0.05,0.202020202,0.2,0.202020202,0.2,0.202020202,0.535714286,0.202020202,0.535714286
0.45,0.1,0.45,0.571428571,0.45,0.678571429,0.45,0.714285714,0.45,0.767857143
0.65,0.2,0.65,0.3,0.65,0.6,0.65,0.85,0.65,0.92
1,0.142857143,1,0.410714286,1,0.464285714,1,0.714285714,1,0.857142857
